-- phpMyAdmin SQL Dump
-- version 4.9.2
-- https://www.phpmyadmin.net/
--
-- Host: 127.0.0.1
-- Generation Time: Aug 25, 2020 at 02:40 PM
-- Server version: 10.4.10-MariaDB
-- PHP Version: 7.3.12

SET SQL_MODE = "NO_AUTO_VALUE_ON_ZERO";
SET AUTOCOMMIT = 0;
START TRANSACTION;
SET time_zone = "+00:00";


/*!40101 SET @OLD_CHARACTER_SET_CLIENT=@@CHARACTER_SET_CLIENT */;
/*!40101 SET @OLD_CHARACTER_SET_RESULTS=@@CHARACTER_SET_RESULTS */;
/*!40101 SET @OLD_COLLATION_CONNECTION=@@COLLATION_CONNECTION */;
/*!40101 SET NAMES utf8mb4 */;

--
-- Database: `perpus`
--

-- --------------------------------------------------------

--
-- Table structure for table `tb_admin`
--

CREATE TABLE `tb_admin` (
  `id_admin` varchar(8) NOT NULL,
  `password` varchar(32) NOT NULL,
  `nama` varchar(30) NOT NULL,
  `alamat` varchar(30) NOT NULL,
  `no_hp` char(13) NOT NULL,
  `img` varchar(50) NOT NULL
) ENGINE=InnoDB DEFAULT CHARSET=latin1;

-- --------------------------------------------------------

--
-- Table structure for table `tb_agama`
--

CREATE TABLE `tb_agama` (
  `id_agama` int(2) NOT NULL,
  `agama` varchar(20) NOT NULL
) ENGINE=InnoDB DEFAULT CHARSET=latin1;

--
-- Dumping data for table `tb_agama`
--

INSERT INTO `tb_agama` (`id_agama`, `agama`) VALUES
(2, 'Islam'),
(3, 'Konghucu'),
(4, 'Budha'),
(5, 'Katholik'),
(6, 'Hindu');

-- --------------------------------------------------------

--
-- Table structure for table `tb_anggota`
--

CREATE TABLE `tb_anggota` (
  `id_anggota` varchar(11) NOT NULL,
  `nama` varchar(100) NOT NULL,
  `id_kelas` int(2) NOT NULL,
  `id_agama` int(2) NOT NULL,
  `jenis_kelamin` enum('L','P') NOT NULL,
  `hp` varchar(15) NOT NULL,
  `nim` varchar(15) NOT NULL,
  `ket` text NOT NULL
) ENGINE=InnoDB DEFAULT CHARSET=latin1;

--
-- Dumping data for table `tb_anggota`
--

INSERT INTO `tb_anggota` (`id_anggota`, `nama`, `id_kelas`, `id_agama`, `jenis_kelamin`, `hp`, `nim`, `ket`) VALUES
('ANGG000001', 'Hazli Al Fadli', 4, 2, 'L', '0888', '1177', ''),
('ANGG000002', 'Ladeg', 4, 2, 'L', '08', '12', '');

-- --------------------------------------------------------

--
-- Table structure for table `tb_buku`
--

CREATE TABLE `tb_buku` (
  `id_buku` char(15) NOT NULL,
  `ISBN` varchar(20) NOT NULL,
  `judul` varchar(100) NOT NULL,
  `id_kategori` int(3) NOT NULL,
  `id_penerbit` int(3) NOT NULL,
  `id_pengarang` int(3) NOT NULL,
  `no_rak` int(2) NOT NULL,
  `thn_terbit` year(4) NOT NULL,
  `stok` int(3) NOT NULL,
  `ket` text NOT NULL
) ENGINE=InnoDB DEFAULT CHARSET=latin1;

--
-- Dumping data for table `tb_buku`
--

INSERT INTO `tb_buku` (`id_buku`, `ISBN`, `judul`, `id_kategori`, `id_penerbit`, `id_pengarang`, `no_rak`, `thn_terbit`, `stok`, `ket`) VALUES
('1', '123', 'Kiat Kiat Sukses', 8, 14, 10, 9, 2020, 10, ''),
('3', '125125125', '12aawawdaw', 8, 14, 10, 9, 2020, 0, 'awdwa');

-- --------------------------------------------------------

--
-- Table structure for table `tb_denda`
--

CREATE TABLE `tb_denda` (
  `id_denda` int(6) NOT NULL,
  `denda` int(6) NOT NULL,
  `status` enum('A','N') NOT NULL
) ENGINE=InnoDB DEFAULT CHARSET=latin1;

--
-- Dumping data for table `tb_denda`
--

INSERT INTO `tb_denda` (`id_denda`, `denda`, `status`) VALUES
(6, 500, 'N'),
(7, 1000, 'N'),
(8, 50000, 'N'),
(9, 250, 'A');

-- --------------------------------------------------------

--
-- Table structure for table `tb_detail_buku`
--

CREATE TABLE `tb_detail_buku` (
  `id_detail_buku` int(11) NOT NULL,
  `id_buku` char(15) NOT NULL,
  `no_buku` int(4) NOT NULL,
  `status` char(1) NOT NULL DEFAULT '0'
) ENGINE=InnoDB DEFAULT CHARSET=latin1;

--
-- Dumping data for table `tb_detail_buku`
--

INSERT INTO `tb_detail_buku` (`id_detail_buku`, `id_buku`, `no_buku`, `status`) VALUES
(281, '1', 1, '1'),
(282, '1', 2, '1'),
(283, '1', 3, '1'),
(284, '1', 4, '1'),
(285, '1', 5, '1'),
(286, '1', 6, '1'),
(287, '1', 7, '1'),
(288, '1', 8, '1'),
(289, '1', 9, '1'),
(290, '1', 10, '1');

-- --------------------------------------------------------

--
-- Table structure for table `tb_detail_pinjam`
--

CREATE TABLE `tb_detail_pinjam` (
  `id_detail_pinjam` int(11) NOT NULL,
  `id_pinjam` int(11) NOT NULL,
  `id_buku` char(15) NOT NULL,
  `no_buku` int(4) NOT NULL,
  `flag` int(1) DEFAULT NULL
) ENGINE=InnoDB DEFAULT CHARSET=latin1;

--
-- Dumping data for table `tb_detail_pinjam`
--

INSERT INTO `tb_detail_pinjam` (`id_detail_pinjam`, `id_pinjam`, `id_buku`, `no_buku`, `flag`) VALUES
(136, 107, '1', 1, 1),
(141, 108, '1', 2, 1),
(142, 108, '1', 3, 1),
(144, 109, '1', 1, 1),
(145, 110, '1', 1, 1);

-- --------------------------------------------------------

--
-- Table structure for table `tb_kategori`
--

CREATE TABLE `tb_kategori` (
  `id_kategori` int(3) NOT NULL,
  `kategori` varchar(50) NOT NULL
) ENGINE=InnoDB DEFAULT CHARSET=latin1;

--
-- Dumping data for table `tb_kategori`
--

INSERT INTO `tb_kategori` (`id_kategori`, `kategori`) VALUES
(8, 'Fisika'),
(9, 'mtk');

-- --------------------------------------------------------

--
-- Table structure for table `tb_kelas`
--

CREATE TABLE `tb_kelas` (
  `id_kelas` int(2) NOT NULL,
  `kelas` varchar(10) NOT NULL
) ENGINE=InnoDB DEFAULT CHARSET=latin1;

--
-- Dumping data for table `tb_kelas`
--

INSERT INTO `tb_kelas` (`id_kelas`, `kelas`) VALUES
(4, 'Mahasiswa'),
(5, 'Dosen');

-- --------------------------------------------------------

--
-- Table structure for table `tb_kembali`
--

CREATE TABLE `tb_kembali` (
  `id_kembali` int(11) NOT NULL,
  `id_pinjam` int(11) NOT NULL,
  `tgl_dikembalikan` date NOT NULL,
  `terlambat` int(2) NOT NULL,
  `id_denda` int(6) NOT NULL,
  `denda` int(11) NOT NULL
) ENGINE=InnoDB DEFAULT CHARSET=latin1;

--
-- Dumping data for table `tb_kembali`
--

INSERT INTO `tb_kembali` (`id_kembali`, `id_pinjam`, `tgl_dikembalikan`, `terlambat`, `id_denda`, `denda`) VALUES
(213, 105, '2020-06-30', 0, 9, 0),
(214, 106, '2020-07-02', 0, 9, 0),
(215, 107, '2020-07-29', 29, 9, 7250),
(216, 108, '2020-08-25', 54, 9, 13500),
(217, 109, '2020-07-02', 2, 9, 500),
(218, 110, '2020-06-30', 0, 9, 0);

-- --------------------------------------------------------

--
-- Table structure for table `tb_login`
--

CREATE TABLE `tb_login` (
  `username` varchar(15) NOT NULL,
  `password` varchar(75) NOT NULL,
  `stts` varchar(10) NOT NULL
) ENGINE=InnoDB DEFAULT CHARSET=latin1;

--
-- Dumping data for table `tb_login`
--

INSERT INTO `tb_login` (`username`, `password`, `stts`) VALUES
('1177050050', '71e410717a51628f3fdc534635c248c6', 'petugas'),
('1177050051', '71e410717a51628f3fdc534635c248c6', 'petugas'),
('123', '202cb962ac59075b964b07152d234b70', 'petugas'),
('1630511', 'afb91ef692fd08c445e8cb1bab2ccf9c', 'petugas'),
('admin', '49cea16c133ffef83271e9bf4f747831', 'admin');

-- --------------------------------------------------------

--
-- Table structure for table `tb_penerbit`
--

CREATE TABLE `tb_penerbit` (
  `id_penerbit` int(3) NOT NULL,
  `nama_penerbit` varchar(50) NOT NULL,
  `id_kota` int(4) NOT NULL
) ENGINE=InnoDB DEFAULT CHARSET=latin1;

--
-- Dumping data for table `tb_penerbit`
--

INSERT INTO `tb_penerbit` (`id_penerbit`, `nama_penerbit`, `id_kota`) VALUES
(14, 'hazli', 2),
(15, 'UIN', 4);

-- --------------------------------------------------------

--
-- Table structure for table `tb_pengarang`
--

CREATE TABLE `tb_pengarang` (
  `id_pengarang` int(3) NOT NULL,
  `nama_pengarang` varchar(50) NOT NULL
) ENGINE=InnoDB DEFAULT CHARSET=latin1;

--
-- Dumping data for table `tb_pengarang`
--

INSERT INTO `tb_pengarang` (`id_pengarang`, `nama_pengarang`) VALUES
(10, 'ppp'),
(11, 'kkk');

-- --------------------------------------------------------

--
-- Table structure for table `tb_petugas`
--

CREATE TABLE `tb_petugas` (
  `id_petugas` char(10) NOT NULL,
  `nama` varchar(100) NOT NULL,
  `img` varchar(50) NOT NULL,
  `jenis_kelamin` enum('L','P') NOT NULL,
  `alamat` text NOT NULL,
  `password` varchar(50) NOT NULL,
  `id_agama` int(2) NOT NULL,
  `hp` varchar(15) NOT NULL,
  `ket` text NOT NULL
) ENGINE=InnoDB DEFAULT CHARSET=latin1;

--
-- Dumping data for table `tb_petugas`
--

INSERT INTO `tb_petugas` (`id_petugas`, `nama`, `img`, `jenis_kelamin`, `alamat`, `password`, `id_agama`, `hp`, `ket`) VALUES
('1177050050', 'Ladeg', 'AU6GHX9D1MKRWQNY2O4EPL85SJF37ZBCI0TV.jpg', 'L', 'asd', 'h01470258', 2, '0888', 'asd'),
('1177050051', 'Hazli Al Fadli', '', 'L', 'Cibiru', 'h01470258', 2, '085279457495', ''),
('123', 'test', '', 'L', 'asd', '123', 2, '123', 'asd'),
('1630511', 'Puja', '4HSGCR1UIMJKQP03ZLEWT6YN7D2XB98OFAV5.JPG', 'L', 'Wada', 'petugas', 2, '08', ''),
('admin', 'Hazli Al Fadli', '7GF8CEY4VJU52TWQ6LMOA3DS01BPINHRKZ9X.jpg', 'L', 'UIN', 'pascapascaperpus', 2, '0808', '');

-- --------------------------------------------------------

--
-- Table structure for table `tb_pinjam`
--

CREATE TABLE `tb_pinjam` (
  `id_pinjam` int(11) NOT NULL,
  `tgl_pinjam` date NOT NULL,
  `id_anggota` varchar(11) NOT NULL,
  `tgl_kembali` date NOT NULL,
  `total_buku` int(4) NOT NULL,
  `status` int(1) NOT NULL
) ENGINE=InnoDB DEFAULT CHARSET=latin1;

--
-- Dumping data for table `tb_pinjam`
--

INSERT INTO `tb_pinjam` (`id_pinjam`, `tgl_pinjam`, `id_anggota`, `tgl_kembali`, `total_buku`, `status`) VALUES
(105, '2020-06-29', 'ANGG000001', '2020-06-30', 2, 1),
(106, '2020-06-29', 'ANGG000002', '2020-07-02', 2, 1),
(107, '2020-07-20', 'ANGG000001', '2020-06-30', 1, 1),
(108, '2020-07-20', 'ANGG000002', '2020-07-02', 1, 1),
(109, '2020-08-25', 'ANGG000001', '2020-06-30', 1, 1),
(110, '2020-08-25', 'ANGG000001', '2020-06-30', 1, 1);

-- --------------------------------------------------------

--
-- Table structure for table `tb_provinsi`
--

CREATE TABLE `tb_provinsi` (
  `id_kota` int(2) NOT NULL,
  `nama_kota` varchar(50) NOT NULL
) ENGINE=InnoDB DEFAULT CHARSET=latin1;

--
-- Dumping data for table `tb_provinsi`
--

INSERT INTO `tb_provinsi` (`id_kota`, `nama_kota`) VALUES
(2, 'D.I.Y Yogyakartaaaaa'),
(4, 'Jambi'),
(6, 'Pekan Baru'),
(7, 'Jakarta'),
(8, 'Jawa Barat'),
(9, 'Lampung'),
(10, 'asdsa'),
(11, 'asdsa'),
(12, 'dddd'),
(13, 'asd'),
(14, 'dddd'),
(15, 'ddddddd'),
(18, 'ojan'),
(19, 'ojane5ue');

-- --------------------------------------------------------

--
-- Table structure for table `tb_rak`
--

CREATE TABLE `tb_rak` (
  `no_rak` int(2) NOT NULL,
  `nama_rak` varchar(50) NOT NULL,
  `id_kategori` int(3) NOT NULL
) ENGINE=InnoDB DEFAULT CHARSET=latin1;

--
-- Dumping data for table `tb_rak`
--

INSERT INTO `tb_rak` (`no_rak`, `nama_rak`, `id_kategori`) VALUES
(9, '000 - 100', 8),
(10, '101 - 200', 9);

-- --------------------------------------------------------

--
-- Table structure for table `test`
--

CREATE TABLE `test` (
  `kode` varchar(12) NOT NULL,
  `nama` varchar(100) NOT NULL,
  `mboh` varchar(100) NOT NULL
) ENGINE=InnoDB DEFAULT CHARSET=latin1;

--
-- Dumping data for table `test`
--

INSERT INTO `test` (`kode`, `nama`, `mboh`) VALUES
('', 'ari', ''),
('Kode000001', 'ari2', ''),
('Kode000002', 'ari2', ''),
('Kode000003', 'Ariandi AS', '');

--
-- Indexes for dumped tables
--

--
-- Indexes for table `tb_admin`
--
ALTER TABLE `tb_admin`
  ADD PRIMARY KEY (`id_admin`),
  ADD KEY `id_admin` (`id_admin`,`password`,`nama`,`alamat`,`no_hp`),
  ADD KEY `id_admin_2` (`id_admin`,`password`,`nama`,`alamat`,`no_hp`,`img`);

--
-- Indexes for table `tb_agama`
--
ALTER TABLE `tb_agama`
  ADD PRIMARY KEY (`id_agama`);

--
-- Indexes for table `tb_anggota`
--
ALTER TABLE `tb_anggota`
  ADD PRIMARY KEY (`id_anggota`),
  ADD KEY `id_agama` (`id_agama`),
  ADD KEY `id_kelas` (`id_kelas`);

--
-- Indexes for table `tb_buku`
--
ALTER TABLE `tb_buku`
  ADD PRIMARY KEY (`id_buku`),
  ADD KEY `id_kategori` (`id_kategori`),
  ADD KEY `id_penerbit` (`id_penerbit`),
  ADD KEY `id_pengarang` (`id_pengarang`),
  ADD KEY `no_rak` (`no_rak`),
  ADD KEY `id_buku` (`id_buku`,`ISBN`,`judul`,`id_kategori`,`id_penerbit`,`id_pengarang`,`no_rak`,`thn_terbit`,`stok`);

--
-- Indexes for table `tb_denda`
--
ALTER TABLE `tb_denda`
  ADD PRIMARY KEY (`id_denda`);

--
-- Indexes for table `tb_detail_buku`
--
ALTER TABLE `tb_detail_buku`
  ADD KEY `id_detail_buku` (`id_detail_buku`,`id_buku`,`no_buku`,`status`),
  ADD KEY `id_buku` (`id_buku`);

--
-- Indexes for table `tb_detail_pinjam`
--
ALTER TABLE `tb_detail_pinjam`
  ADD PRIMARY KEY (`id_detail_pinjam`),
  ADD KEY `id_anggota` (`id_pinjam`),
  ADD KEY `id_detail_pinjam` (`id_detail_pinjam`,`id_pinjam`,`id_buku`,`no_buku`),
  ADD KEY `id_buku` (`id_buku`);

--
-- Indexes for table `tb_kategori`
--
ALTER TABLE `tb_kategori`
  ADD PRIMARY KEY (`id_kategori`);

--
-- Indexes for table `tb_kelas`
--
ALTER TABLE `tb_kelas`
  ADD PRIMARY KEY (`id_kelas`);

--
-- Indexes for table `tb_kembali`
--
ALTER TABLE `tb_kembali`
  ADD PRIMARY KEY (`id_kembali`),
  ADD KEY `id_detail` (`id_pinjam`),
  ADD KEY `id_kembali` (`id_kembali`,`id_pinjam`,`tgl_dikembalikan`,`terlambat`,`id_denda`);

--
-- Indexes for table `tb_login`
--
ALTER TABLE `tb_login`
  ADD PRIMARY KEY (`username`),
  ADD KEY `username` (`username`,`password`,`stts`);

--
-- Indexes for table `tb_penerbit`
--
ALTER TABLE `tb_penerbit`
  ADD PRIMARY KEY (`id_penerbit`),
  ADD KEY `id_penerbit` (`id_penerbit`,`nama_penerbit`,`id_kota`),
  ADD KEY `id_kota` (`id_kota`) USING BTREE;

--
-- Indexes for table `tb_pengarang`
--
ALTER TABLE `tb_pengarang`
  ADD PRIMARY KEY (`id_pengarang`);

--
-- Indexes for table `tb_petugas`
--
ALTER TABLE `tb_petugas`
  ADD PRIMARY KEY (`id_petugas`),
  ADD KEY `id_agama` (`id_agama`);

--
-- Indexes for table `tb_pinjam`
--
ALTER TABLE `tb_pinjam`
  ADD PRIMARY KEY (`id_pinjam`),
  ADD KEY `id_detail` (`tgl_kembali`),
  ADD KEY `id_buku` (`id_anggota`),
  ADD KEY `id_pinjam` (`id_pinjam`,`tgl_pinjam`,`id_anggota`,`tgl_kembali`,`total_buku`);

--
-- Indexes for table `tb_provinsi`
--
ALTER TABLE `tb_provinsi`
  ADD PRIMARY KEY (`id_kota`);

--
-- Indexes for table `tb_rak`
--
ALTER TABLE `tb_rak`
  ADD PRIMARY KEY (`no_rak`),
  ADD KEY `id_kategori` (`id_kategori`);

--
-- AUTO_INCREMENT for dumped tables
--

--
-- AUTO_INCREMENT for table `tb_agama`
--
ALTER TABLE `tb_agama`
  MODIFY `id_agama` int(2) NOT NULL AUTO_INCREMENT, AUTO_INCREMENT=7;

--
-- AUTO_INCREMENT for table `tb_denda`
--
ALTER TABLE `tb_denda`
  MODIFY `id_denda` int(6) NOT NULL AUTO_INCREMENT, AUTO_INCREMENT=10;

--
-- AUTO_INCREMENT for table `tb_detail_buku`
--
ALTER TABLE `tb_detail_buku`
  MODIFY `id_detail_buku` int(11) NOT NULL AUTO_INCREMENT, AUTO_INCREMENT=301;

--
-- AUTO_INCREMENT for table `tb_detail_pinjam`
--
ALTER TABLE `tb_detail_pinjam`
  MODIFY `id_detail_pinjam` int(11) NOT NULL AUTO_INCREMENT, AUTO_INCREMENT=146;

--
-- AUTO_INCREMENT for table `tb_kategori`
--
ALTER TABLE `tb_kategori`
  MODIFY `id_kategori` int(3) NOT NULL AUTO_INCREMENT, AUTO_INCREMENT=10;

--
-- AUTO_INCREMENT for table `tb_kelas`
--
ALTER TABLE `tb_kelas`
  MODIFY `id_kelas` int(2) NOT NULL AUTO_INCREMENT, AUTO_INCREMENT=6;

--
-- AUTO_INCREMENT for table `tb_kembali`
--
ALTER TABLE `tb_kembali`
  MODIFY `id_kembali` int(11) NOT NULL AUTO_INCREMENT, AUTO_INCREMENT=219;

--
-- AUTO_INCREMENT for table `tb_penerbit`
--
ALTER TABLE `tb_penerbit`
  MODIFY `id_penerbit` int(3) NOT NULL AUTO_INCREMENT, AUTO_INCREMENT=16;

--
-- AUTO_INCREMENT for table `tb_pengarang`
--
ALTER TABLE `tb_pengarang`
  MODIFY `id_pengarang` int(3) NOT NULL AUTO_INCREMENT, AUTO_INCREMENT=12;

--
-- AUTO_INCREMENT for table `tb_pinjam`
--
ALTER TABLE `tb_pinjam`
  MODIFY `id_pinjam` int(11) NOT NULL AUTO_INCREMENT, AUTO_INCREMENT=111;

--
-- AUTO_INCREMENT for table `tb_provinsi`
--
ALTER TABLE `tb_provinsi`
  MODIFY `id_kota` int(2) NOT NULL AUTO_INCREMENT, AUTO_INCREMENT=22;

--
-- AUTO_INCREMENT for table `tb_rak`
--
ALTER TABLE `tb_rak`
  MODIFY `no_rak` int(2) NOT NULL AUTO_INCREMENT, AUTO_INCREMENT=11;

--
-- Constraints for dumped tables
--

--
-- Constraints for table `tb_anggota`
--
ALTER TABLE `tb_anggota`
  ADD CONSTRAINT `tb_anggota_ibfk_1` FOREIGN KEY (`id_agama`) REFERENCES `tb_agama` (`id_agama`) ON DELETE CASCADE ON UPDATE CASCADE,
  ADD CONSTRAINT `tb_anggota_ibfk_2` FOREIGN KEY (`id_kelas`) REFERENCES `tb_kelas` (`id_kelas`) ON DELETE CASCADE ON UPDATE CASCADE;

--
-- Constraints for table `tb_buku`
--
ALTER TABLE `tb_buku`
  ADD CONSTRAINT `tb_buku_ibfk_1` FOREIGN KEY (`id_kategori`) REFERENCES `tb_kategori` (`id_kategori`) ON DELETE CASCADE ON UPDATE CASCADE,
  ADD CONSTRAINT `tb_buku_ibfk_2` FOREIGN KEY (`id_penerbit`) REFERENCES `tb_penerbit` (`id_penerbit`) ON DELETE CASCADE ON UPDATE CASCADE,
  ADD CONSTRAINT `tb_buku_ibfk_3` FOREIGN KEY (`id_pengarang`) REFERENCES `tb_pengarang` (`id_pengarang`) ON DELETE CASCADE ON UPDATE CASCADE,
  ADD CONSTRAINT `tb_buku_ibfk_4` FOREIGN KEY (`no_rak`) REFERENCES `tb_rak` (`no_rak`) ON DELETE CASCADE ON UPDATE CASCADE;

--
-- Constraints for table `tb_detail_buku`
--
ALTER TABLE `tb_detail_buku`
  ADD CONSTRAINT `tb_detail_buku_ibfk_1` FOREIGN KEY (`id_buku`) REFERENCES `tb_buku` (`id_buku`) ON DELETE CASCADE ON UPDATE CASCADE;

--
-- Constraints for table `tb_detail_pinjam`
--
ALTER TABLE `tb_detail_pinjam`
  ADD CONSTRAINT `tb_detail_pinjam_ibfk_1` FOREIGN KEY (`id_pinjam`) REFERENCES `tb_pinjam` (`id_pinjam`) ON DELETE CASCADE ON UPDATE CASCADE,
  ADD CONSTRAINT `tb_detail_pinjam_ibfk_2` FOREIGN KEY (`id_buku`) REFERENCES `tb_buku` (`id_buku`) ON DELETE CASCADE ON UPDATE CASCADE;

--
-- Constraints for table `tb_kembali`
--
ALTER TABLE `tb_kembali`
  ADD CONSTRAINT `tb_kembali_ibfk_1` FOREIGN KEY (`id_pinjam`) REFERENCES `tb_pinjam` (`id_pinjam`) ON DELETE CASCADE ON UPDATE CASCADE;

--
-- Constraints for table `tb_penerbit`
--
ALTER TABLE `tb_penerbit`
  ADD CONSTRAINT `tb_penerbit_ibfk_1` FOREIGN KEY (`id_kota`) REFERENCES `tb_provinsi` (`id_kota`) ON DELETE CASCADE ON UPDATE CASCADE;

--
-- Constraints for table `tb_petugas`
--
ALTER TABLE `tb_petugas`
  ADD CONSTRAINT `tb_petugas_ibfk_1` FOREIGN KEY (`id_agama`) REFERENCES `tb_agama` (`id_agama`) ON DELETE CASCADE ON UPDATE CASCADE;

--
-- Constraints for table `tb_pinjam`
--
ALTER TABLE `tb_pinjam`
  ADD CONSTRAINT `tb_pinjam_ibfk_1` FOREIGN KEY (`id_anggota`) REFERENCES `tb_anggota` (`id_anggota`) ON DELETE CASCADE ON UPDATE CASCADE;

--
-- Constraints for table `tb_rak`
--
ALTER TABLE `tb_rak`
  ADD CONSTRAINT `tb_rak_ibfk_1` FOREIGN KEY (`id_kategori`) REFERENCES `tb_kategori` (`id_kategori`) ON DELETE CASCADE ON UPDATE CASCADE;
COMMIT;

/*!40101 SET CHARACTER_SET_CLIENT=@OLD_CHARACTER_SET_CLIENT */;
/*!40101 SET CHARACTER_SET_RESULTS=@OLD_CHARACTER_SET_RESULTS */;
/*!40101 SET COLLATION_CONNECTION=@OLD_COLLATION_CONNECTION */;
